Id,Time,Flow_rate,Pressure,Proximity
1,0.039954901,0,1010.344523,0
1,0.081756592,0,1010.284639,0
1,0.123694658,0,1010.297079,0
1,0.165446997,0,1010.285384,0
1,0.207344294,0,1010.318384,0
1,0.249196053,0,1010.296119,0
1,0.290929079,0,1010.325571,0
1,0.332603455,0,1010.315398,0
1,0.3743608,0,1010.298383,0
1,0.416120291,0,1010.276111,0
1,0.457887411,0,1010.298581,0
1,0.49966073,0,1010.303833,0
1,0.541453123,0,1010.267746,0
1,0.583084345,0,1010.300525,0
1,0.624859571,0,1010.319556,0
1,0.666685343,0,1010.292059,0
1,0.708466768,0,1010.273123,0
1,0.750232935,0,1010.298996,0
1,0.792048216,0,1010.309432,0
1,0.833707333,0,1010.292245,0
1,0.875450134,0,1010.333856,0
1,0.917906046,0,1010.292608,0
1,0.961951494,0,1010.294326,0
1,1.006165266,0,1010.3167,0
1,1.050582647,0,1010.27717,0
1,1.094535828,0,1010.289201,0
1,1.139593363,0,1010.285764,0
1,1.185081959,0,1010.296076,0
1,1.226891279,0,1010.30295,0
1,1.2692101,0,1010.301293,0
1,1.310981512,0,1010.316791,0
1,1.352642298,0,1010.315103,0
1,1.394525051,0,1010.316822,0
1,1.436285019,0,1010.334039,0
1,1.478094101,0,1010.328914,0
1,1.519888163,0,1010.301413,0
1,1.561650753,0,1010.308348,0
1,1.603305578,0,1010.277351,0
1,1.645051479,0,1010.282567,0
1,1.686835766,0,1010.315223,0
1,1.728610039,0,1010.299754,0
1,1.770371199,0,1010.315283,0
1,1.812129259,0,1010.301503,0
1,1.853825569,0,1010.329033,0
1,1.897545815,0,1010.311816,0
1,1.941785812,0,1010.298065,0
1,1.985960722,0,1010.342784,0
1,2.03023839,0,1010.33416,0
1,2.074642658,0,1010.304881,0
1,2.118905306,0,1010.303162,0
1,2.162910223,0,1010.32038,0
1,2.207055807,0,1010.322099,0
1,2.251300097,0,1010.318721,0
1,2.295599699,0,1010.323847,0
1,2.339688063,0,1010.313534,0
1,2.383738756,0,1010.311786,0
1,2.428025723,0,1010.313505,0
1,2.472055912,0,1010.310037,0
1,2.516158819,0,1010.313475,0
1,2.560282707,0,1010.332471,0
1,2.604412317,0,1010.306629,0
1,2.648481607,0,1010.301473,0
1,2.692652702,0,1010.335849,0
1,2.736757278,0,1010.289442,0
1,2.780935526,0,1010.310067,0
1,2.824924231,0,1010.303222,0
1,2.869241238,0,1010.30497,0
1,2.913534164,0,1010.286004,0
1,2.957758904,0,1010.317002,0
1,3.001946688,0,1010.337627,0
1,3.046142817,0,1010.306659,0
1,3.090366602,0,1010.299814,0
1,3.134584665,0,1010.280848,0
1,3.178491831,0,1010.274032,0
1,3.222721338,0,1010.310156,0
1,3.266786098,0,1010.310126,0
1,3.310896635,0,1010.311845,0
1,3.354982615,0,1010.299814,0
1,3.39921093,0,1010.310156,0
1,3.443489552,0,1010.286063,0
1,3.48759222,0,1010.298065,0
1,3.531737328,0,1010.303251,0
1,3.575961828,0,1010.30497,0
1,3.620141268,0,1010.315283,0
1,3.664316416,0,1010.315342,0
1,3.708452463,0,1010.325655,0
1,3.752732515,0,1010.329093,0
1,3.796890736,0,1010.303251,0
1,3.840896606,0,1010.301532,0
1,3.885010481,0,1010.287782,0
1,3.92924571,0,1010.298154,0
1,3.973398447,0,1010.282655,0
1,4.01755929,0,1010.311875,0
1,4.061871767,0,1010.294687,0
1,4.105940819,0,1010.263719,0
1,4.150319099,0,1010.280907,0
1,4.194216728,0,1010.323907,0
1,4.238406181,0,1010.287811,0
1,4.282516003,0,1010.310185,0
1,4.326757908,0,1010.291278,0
1,4.370820522,0,1010.299902,0
1,4.414977074,0,1010.299843,0
1,4.459183216,0,1010.279276,0
1,4.503341198,0,1010.315342,0
1,4.547455072,0,1010.279276,0
1,4.59149766,0,1010.272342,0
1,4.633134842,0,1010.318838,0
1,4.677451849,0,1010.296435,0
1,4.721626997,0,1010.284403,0
1,4.765712976,0,1010.296493,0
1,4.809897184,0,1010.296464,0
1,4.853905678,0,1010.286122,0
1,4.897975445,0,1010.28787,0
1,4.942209244,0,1010.298212,0
1,4.986467361,0,1010.287841,0
1,5.030725002,0,1010.294716,0
1,5.074915409,0,1010.296435,0
1,5.118960142,0,1010.313623,0
1,5.163063765,0,1010.275809,0
1,5.206999779,0,1010.298183,0
1,5.251157999,0,1010.305029,0
1,5.295240402,0,1010.315371,0
1,5.339699268,0,1010.298183,0
1,5.383831739,0,1010.275809,0
1,5.427978754,0,1010.287841,0
1,5.4720397,0,1010.322276,0
1,5.516027689,0,1010.293026,0
1,5.560336113,0,1010.298183,0
1,5.604408026,0,1010.320557,0
1,5.648694515,0,1010.284432,0
1,5.692835569,0,1010.322276,0
1,5.737020731,0,1010.306777,0
1,5.781104088,0,1010.325714,0
1,5.82549262,0,1010.324024,0
1,5.869432211,0,1010.325655,0
1,5.913533449,0,1010.336027,0
1,5.957713127,0,1010.308496,0
1,6.001768351,0,1010.289589,0
1,6.046151161,0,1010.291278,0
1,6.090320349,0,1010.284374,0
1,6.134557724,0,1010.31712,0
1,6.178742647,0,1010.337775,0
1,6.222760677,0,1010.339523,0
1,6.266936302,0,1010.310244,0
1,6.311148643,0,1010.296435,0
1,6.355344534,0,1010.334308,0
1,6.399652481,0,1010.296493,0
1,6.443842649,0,1010.336027,0
1,6.488080263,0,1010.306806,0
1,6.53233099,0,1010.310244,0
1,6.57632637,0,1010.322276,0
1,6.620413303,0,1010.318838,0
1,6.664463282,0,1010.363646,0
1,6.708714962,0,1010.313682,0
1,6.753125191,0,1010.330929,0
1,6.797279358,0,1010.311992,0
1,6.841476679,0,1010.298154,0
1,6.885396481,0,1010.310244,0
1,6.929689646,0,1010.305117,0
1,6.973956823,0,1010.325772,0
1,7.018273592,0,1010.313711,0
1,7.062448978,0,1010.296493,0
1,7.106533289,0,1010.313711,0
1,7.151425838,0,1010.286122,0
1,7.194327354,0,1010.327462,0
1,7.23939085,0,1010.310244,0
1,7.283293247,0,1010.296522,0
1,7.325511456,0,1010.342932,0
1,7.367626905,0,1010.28618,0
1,7.410331011,0,1010.301708,0
1,7.452525377,0,1010.310302,0
1,7.4933393,0,1010.296551,0
1,7.535709143,0,1010.303427,0
1,7.576090097,0,1010.301708,0
1,7.618824244,0,1010.332706,0
1,7.658735752,0,1010.293171,0
1,7.701186657,0,1010.33961,0
1,7.741441011,0,1010.312079,0
1,7.781856298,0,1010.313855,0
1,7.823436022,0,1010.30526,0
1,7.863715172,0,1010.282857,0
1,7.904610634,0,1010.312136,0
1,7.946484566,0,1010.310446,0
1,7.991461992,0,1010.296637,0
1,8.037210226,0,1010.32414,0
1,8.079313755,0,1010.291423,0
1,8.123698473,0,1010.319012,0
1,8.166059494,0,1010.294861,0
1,8.2101717,0,1010.289733,0
1,8.25254941,0,1010.306893,0
1,8.296688795,0,1010.315488,0
1,8.34083724,0,1010.308612,0
1,8.384970665,0,1010.320673,0
1,8.429252386,0,1010.318926,0
1,8.474217653,0,1010.306893,0
1,8.518786669,0,1010.322392,0
1,8.56047821,0,1010.329181,0
1,8.60307622,0,1010.311992,0
1,8.64359045,0,1010.305146,0
1,8.683725834,0,1010.306864,0
1,8.726281404,0,1010.315488,0
1,8.768926859,0,1010.317236,0
1,8.808886051,0,1010.320673,0
1,8.85069418,0,1010.306951,0
1,8.892382622,0,1010.272515,0
1,8.933821201,0,1010.313826,0
1,8.9768188,0,1010.325888,0
1,9.019469738,0,1010.355139,0
1,9.061960936,0,1010.334511,0
1,9.102427006,0,1010.320731,0
1,9.144780397,0,1010.296609,0
1,9.186645985,0,1010.329326,0
1,9.228632212,0,1010.312079,0
1,9.271409988,0,1010.315545,0
1,9.315816164,0,1010.334511,0
1,9.360150576,0,1010.318983,0
1,9.404325485,0,1010.341358,0
1,9.44846344,0,1010.33792,0
1,9.492698193,0,1010.329268,0
1,9.53703618,0,1010.339582,0
1,9.581219196,0,1010.343019,0
1,9.625366688,0,1010.300046,0
1,9.669525385,0,1010.322334,0
1,9.713624716,0,1010.318897,0
1,9.75812006,0,1010.325801,0
1,9.802305698,0,1010.303427,0
1,9.846483707,0,1010.325801,0
1,9.890692234,0,1010.324111,0
1,9.934812307,0,1010.339582,0
1,9.979168415,0,1010.332677,0
1,10.02332902,0,1010.325772,0
2,0.041699409,10,1010.311079,0
2,0.083568096,10,1010.303222,0
2,0.125380754,10,1010.274371,0
2,0.16727519,10,1010.267876,0
2,0.209082603,10,1010.268168,0
2,0.250905275,10,1010.25285,0
2,0.292613268,10,1010.280551,0
2,0.334485531,10,1010.282409,0
2,0.376365423,10,1010.284265,0
2,0.418199539,10,1010.249935,0
2,0.460003853,10,1010.23464,0
2,0.501768589,10,1010.253706,0
2,0.544422865,10,1010.246899,0
2,0.588581085,10,1010.264082,0
2,0.632888079,10,1010.252086,0
2,0.67716074,10,1010.252184,0
2,0.72159338,10,1010.243591,0
2,0.765980005,10,1010.257339,0
2,0.810188055,10,1010.255653,0
2,0.854407072,10,1010.24531,0
2,0.898596525,10,1010.229908,0
2,0.942926407,10,1010.247124,0
2,0.987166405,10,1010.269528,0
2,1.031552315,10,1010.241969,0
2,1.075711012,10,1010.233409,0
2,1.119925976,10,1010.255844,0
2,1.164163351,10,1010.259281,0
2,1.208249331,10,1010.254125,0
2,1.252940416,10,1010.242096,0
2,1.294636965,10,1010.266218,0
2,1.339000463,10,1010.249033,0
2,1.383206606,10,1010.269718,0
2,1.427513123,10,1010.243877,0
2,1.471703053,10,1010.257656,0
2,1.516312599,10,1010.273155,0
2,1.560304403,10,1010.271436,0
2,1.60238266,10,1010.295496,0
2,1.643928528,10,1010.264593,0
2,1.68819046,10,1010.273155,0
2,1.732626677,10,1010.254313,0
2,1.776946783,10,1010.25775,0
2,1.821203709,10,1010.271498,0
2,1.865535736,10,1010.25775,0
2,1.90983057,10,1010.26978,0
2,1.954898119,10,1010.271498,0
2,1.999095201,10,1010.274936,0
2,2.043516636,10,1010.25775,0
2,2.087564707,10,1010.280122,0
2,2.131785154,10,1010.247438,0
2,2.175836802,10,1010.262905,0
2,2.220288754,10,1010.244032,0
2,2.264663935,10,1010.252625,0
2,2.308936357,10,1010.28534,0
2,2.353177786,10,1010.262905,0
2,2.397362709,10,1010.287059,0
2,2.441679716,10,1010.281841,0
2,2.48588872,10,1010.23194,0
2,2.529974222,10,1010.269872,0
2,2.574139118,10,1010.280215,0
2,2.618358374,10,1010.27331,0
2,2.662909031,10,1010.271591,0
2,2.7048769,10,1010.268154,0
2,2.74904108,10,1010.23372,0
2,2.793182135,10,1010.256154,0
2,2.837424994,10,1010.268577,0
2,2.881737709,10,1010.26131,0
2,2.925929546,10,1010.268184,0
2,2.970255852,10,1010.245781,0
2,3.014685631,10,1010.264716,0
2,3.058982372,10,1010.27331,0
2,3.103391886,10,1010.252717,0
2,3.147731781,10,1010.275028,0
2,3.191990376,10,1010.25953,0
2,3.236320019,10,1010.28534,0
2,3.278578281,10,1010.24575,0
2,3.322912455,10,1010.275059,0
2,3.367213249,10,1010.288808,0
2,3.411538601,10,1010.27334,0
2,3.455778837,10,1010.275059,0
2,3.499979496,10,1010.281933,0
2,3.544146061,10,1010.263391,0
2,3.588327408,10,1010.266435,0
2,3.632531881,10,1010.261218,0
2,3.676885843,10,1010.282296,0
2,3.721184254,10,1010.287089,0
2,3.765558958,10,1010.261279,0
2,3.809995413,10,1010.266435,0
2,3.854317665,10,1010.242405,0
2,3.898323536,10,1010.292245,0
2,3.94256115,10,1010.276778,0
2,3.986768007,10,1010.28917,0
2,4.031155825,10,1010.283621,0
2,4.075792074,10,1010.249249,0
2,4.119809628,10,1010.26131,0
2,4.164191961,10,1010.26131,0
2,4.208648205,10,1010.242405,0
2,4.250410318,10,1010.256154,0
2,4.292911291,10,1010.254797,0
2,4.337153673,10,1010.294357,0
2,4.378798962,10,1010.246204,0
2,4.423176527,10,1010.256546,0
2,4.467514992,10,1010.271984,0
2,4.511626244,10,1010.278889,0
2,4.555931568,10,1010.266828,0
2,4.600231171,10,1010.294357,0
2,4.644761562,10,1010.254797,0
2,4.688907862,10,1010.257872,0
2,4.733453035,10,1010.263451,0
2,4.777858257,10,1010.249672,0
2,4.82223177,10,1010.285764,0
2,4.866477013,10,1010.241048,0
2,4.910719395,10,1010.278889,0
2,4.95517993,10,1010.285733,0
2,4.99937129,10,1010.269903,0
2,5.043517351,10,1010.282296,0
2,5.086221457,10,1010.284075,0
2,5.128880262,10,1010.261702,0
2,5.172941446,10,1010.237249,0
2,5.217146397,10,1010.26517,0
2,5.261611938,10,1010.273794,0
2,5.30585289,10,1010.261702,0
2,5.350256443,10,1010.249672,0
2,5.394630909,10,1010.294418,0
2,5.439058304,10,1010.275482,0
2,5.483481407,10,1010.27717,0
2,5.527643919,10,1010.285764,0
2,5.572208881,10,1010.287482,0
2,5.61640358,10,1010.232485,0
2,5.660725355,10,1010.244516,0
2,5.705073118,10,1010.29095,0
2,5.749602556,10,1010.25139,0
2,5.793869734,10,1010.278919,0
2,5.83805871,10,1010.266828,0
2,5.882210016,10,1010.266828,0
2,5.926404953,10,1010.258265,0
2,5.970763445,10,1010.268577,0
2,6.015109301,10,1010.268577,0
2,6.059537411,10,1010.282296,0
2,6.103762627,10,1010.268577,0
2,6.148154736,10,1010.296076,0
2,6.192373753,10,1010.273733,0
2,6.236389875,10,1010.25142,0
2,6.280724764,10,1010.229048,0
2,6.324949026,10,1010.23936,0
2,6.369168758,10,1010.273733,0
2,6.413492441,10,1010.277201,0
2,6.457904816,10,1010.273794,0
2,6.502149343,10,1010.254828,0
2,6.546456099,10,1010.270356,0
2,6.590670586,10,1010.23936,0
2,6.63486743,10,1010.258265,0
2,6.679211855,10,1010.261702,0
2,6.723489046,10,1010.258265,0
2,6.767816067,10,1010.256516,0
2,6.812000036,10,1010.254858,0
2,6.856468201,10,1010.244576,0
2,6.900748253,10,1010.268607,0
2,6.944871426,10,1010.240686,0
2,6.989102602,10,1010.256546,0
2,7.033415794,10,1010.241078,0
2,7.077680588,10,1010.249641,0
2,7.121964216,10,1010.259984,0
2,7.166367292,10,1010.278919,0
2,7.210586309,10,1010.247561,0
2,7.254751682,10,1010.246204,0
2,7.298985481,10,1010.254828,0
2,7.343309641,10,1010.241078,0
2,7.387653351,10,1010.275452,0
2,7.431988955,10,1010.253079,0
2,7.476346731,10,1010.249732,0
2,7.5206213,10,1010.260014,0
2,7.565114975,10,1010.235922,0
2,7.609217644,10,1010.246234,0
2,7.653681278,10,1010.260014,0
2,7.698082924,10,1010.242827,0
2,7.742381573,10,1010.260014,0
2,7.786628008,10,1010.230766,0
2,7.8308568,10,1010.254797,0
2,7.875118017,10,1010.235922,0
2,7.919397116,10,1010.254858,0
2,7.963406801,10,1010.284014,0
2,8.007689714,10,1010.249641,0
2,8.0518713,10,1010.266889,0
2,8.096303463,10,1010.256546,0
2,8.140406132,10,1010.260014,0
2,8.184695005,10,1010.242797,0
2,8.228897572,10,1010.285794,0
2,8.273080826,10,1010.271984,0
2,8.317158461,10,1010.261702,0
2,8.36130619,10,1010.268577,0
2,8.405748844,10,1010.270296,0
2,8.449967861,10,1010.275452,0
2,8.494162083,10,1010.297825,0
2,8.538556814,10,1010.261733,0
2,8.582899809,10,1010.272014,0
2,8.627056122,10,1010.261702,0
2,8.671314716,10,1010.266858,0
2,8.715773582,10,1010.258265,0
2,8.759717703,10,1010.278889,0
2,8.803912878,10,1010.254828,0
2,8.848178625,10,1010.284106,0
2,8.89248991,10,1010.25139,0
2,8.936995029,10,1010.294418,0
2,8.981141329,10,1010.292669,0
2,9.025521994,10,1010.270296,0
2,9.069730759,10,1010.282357,0
2,9.113960028,10,1010.259591,0
2,9.158143759,10,1010.256546,0
2,9.202511549,10,1010.26517,0
2,9.246992588,10,1010.270296,0
2,9.29139185,10,1010.275452,0
2,9.335549593,10,1010.285794,0
2,9.379829645,10,1010.290981,0
2,9.424184561,10,1010.275482,0
2,9.468583584,10,1010.25139,0
2,9.512940407,10,1010.302981,0
2,9.557225704,10,1010.294357,0
2,9.60168004,10,1010.272014,0
2,9.645879745,10,1010.261702,0
2,9.689923525,10,1010.270296,0
2,9.734321356,10,1010.277201,0
2,9.778799534,10,1010.287482,0
2,9.822990417,10,1010.289262,0
2,9.867325068,10,1010.246264,0
2,9.911607265,10,1010.270326,0
2,9.955892086,10,1010.280608,0
2,10.00015783,10,1010.261702,0
3,0.041676998,20,1010.233432,0
3,0.08340764,20,1010.204519,0
3,0.125155687,20,1010.217305,0
3,0.166799068,20,1010.191847,0
3,0.208628178,20,1010.181838,0
3,0.250380039,20,1010.200917,0
3,0.292216063,20,1010.170175,0
3,0.33396101,20,1010.189249,0
3,0.375762701,20,1010.213476,0
3,0.417390823,20,1010.191211,0
3,0.459159851,20,1010.230865,0
3,0.500900745,20,1010.169046,0
3,0.542685509,20,1010.153683,0
3,0.584486246,20,1010.162341,0
3,0.626236439,20,1010.181274,0
3,0.667906761,20,1010.193401,0
3,0.709651232,20,1010.232955,0
3,0.751428843,20,1010.1745,0
3,0.793197393,20,1010.198622,0
3,0.835058212,20,1010.20903,0
3,0.876834631,20,1010.226311,0
3,0.918494701,20,1010.203907,0
3,0.961267471,20,1010.24009,0
3,1.005498886,20,1010.214282,0
3,1.049529076,20,1010.21947,0
3,1.09353447,20,1010.221156,0
3,1.137741089,20,1010.217719,0
3,1.182065248,20,1010.217751,0
3,1.225938797,20,1010.25387,0
3,1.270040035,20,1010.236653,0
3,1.314059019,20,1010.200599,0
3,1.358122587,20,1010.226375,0
3,1.402148724,20,1010.233249,0
3,1.446169376,20,1010.209159,0
3,1.490250826,20,1010.236782,0
3,1.534022093,20,1010.200599,0
3,1.578102827,20,1010.229876,0
3,1.622080326,20,1010.212755,0
3,1.666163206,20,1010.212724,0
3,1.710138559,20,1010.209287,0
3,1.754131079,20,1010.22819,0
3,1.79822278,20,1010.219598,0
3,1.842183352,20,1010.202413,0
3,1.886114836,20,1010.205882,0
3,1.930028915,20,1010.207568,0
3,1.974207878,20,1010.214474,0
3,2.018358946,20,1010.212787,0
3,2.062443256,20,1010.214506,0
3,2.106544971,20,1010.214474,0
3,2.150547504,20,1010.221379,0
3,2.194491386,20,1010.214442,0
3,2.23853302,20,1010.193853,0
3,2.282535553,20,1010.18526,0
3,2.326545238,20,1010.223098,0
3,2.370780468,20,1010.200758,0
3,2.414799929,20,1010.20935,0
3,2.458829165,20,1010.199071,0
3,2.502904654,20,1010.214537,0
3,2.546948671,20,1010.228253,0
3,2.591137886,20,1010.221348,0
3,2.635177851,20,1010.238596,0
3,2.67931056,20,1010.233472,0
3,2.723343611,20,1010.217974,0
3,2.767392397,20,1010.204226,0
3,2.811480761,20,1010.212819,0
3,2.855681658,20,1010.233503,0
3,2.899633408,20,1010.20935,0
3,2.943714857,20,1010.211131,0
3,2.987768888,20,1010.18351,0
3,3.031878471,20,1010.195634,0
3,3.075976849,20,1010.192197,0
3,3.119974136,20,1010.219724,0
3,3.164022207,20,1010.200789,0
3,3.207847834,20,1010.211131,0
3,3.251838446,20,1010.205976,0
3,3.295871496,20,1010.197352,0
3,3.339903116,20,1010.214568,0
3,3.384173393,20,1010.212819,0
3,3.428260088,20,1010.197352,0
3,3.472373247,20,1010.214568,0
3,3.516561747,20,1010.221411,0
3,3.560515404,20,1010.219755,0
3,3.604594707,20,1010.230066,0
3,3.648599386,20,1010.219755,0
3,3.692852736,20,1010.231785,0
3,3.736955166,20,1010.231816,0
3,3.78112936,20,1010.204257,0
3,3.825139999,20,1010.216318,0
3,3.869130135,20,1010.212881,0
3,3.913181543,20,1010.2111,0
3,3.957141876,20,1010.223192,0
3,4.001086473,20,1010.195696,0
3,4.045084476,20,1010.207694,0
3,4.08912921,20,1010.180199,0
3,4.133145809,20,1010.214662,0
3,4.177243471,20,1010.209413,0
3,4.221094847,20,1010.209444,0
3,4.265183687,20,1010.200883,0
3,4.309264421,20,1010.207726,0
3,4.353333712,20,1010.173325,0
3,4.397407293,20,1010.176793,0
3,4.441421509,20,1010.15439,0
3,4.485663891,20,1010.18023,0
3,4.529548407,20,1010.200789,0
3,4.573583841,20,1010.20257,0
3,4.617773056,20,1010.219755,0
3,4.66203475,20,1010.185354,0
3,4.706366062,20,1010.197415,0
3,4.750307083,20,1010.206007,0
3,4.794384003,20,1010.176762,0
3,4.838427067,20,1010.197415,0
3,4.882449865,20,1010.192228,0
3,4.926556349,20,1010.190541,0
3,4.970844269,20,1010.202508,0
3,5.014925241,20,1010.188822,0
3,5.058940649,20,1010.185385,0
3,5.103355885,20,1010.164701,0
3,5.147463799,20,1010.197383,0
3,5.191575289,20,1010.181948,0
3,5.235516548,20,1010.193978,0
3,5.279577971,20,1010.181917,0
3,5.323613405,20,1010.199102,0
3,5.367727518,20,1010.207726,0
3,5.411953688,20,1010.233566,0
3,5.455964088,20,1010.166482,0
3,5.500082254,20,1010.206007,0
3,5.543954134,20,1010.199102,0
3,5.588085651,20,1010.176762,0
3,5.632107258,20,1010.162983,0
3,5.676171064,20,1010.178511,0
3,5.720277548,20,1010.1682,0
3,5.764213085,20,1010.193978,0
3,5.808395624,20,1010.185385,0
3,5.852476358,20,1010.192259,0
3,5.896502733,20,1010.175043,0
3,5.940481663,20,1010.199164,0
3,5.984808445,20,1010.187104,0
3,6.02891016,20,1010.173386,0
3,6.072966337,20,1010.173356,0
3,6.117069721,20,1010.175074,0
3,6.161066771,20,1010.192321,0
3,6.205161333,20,1010.166482,0
3,6.249031305,20,1010.183698,0
3,6.293260098,20,1010.190572,0
3,6.337347984,20,1010.187104,0
3,6.381398201,20,1010.19229,0
3,6.425617695,20,1010.176793,0
3,6.469676733,20,1010.175105,0
3,6.513735533,20,1010.169919,0
3,6.557583094,20,1010.171637,0
3,6.601643562,20,1010.159608,0
3,6.645764589,20,1010.145829,0
3,6.689879656,20,1010.166451,0
3,6.733985901,20,1010.169919,0
3,6.778193951,20,1010.164732,0
3,6.822310209,20,1010.185416,0
3,6.866437912,20,1010.176762,0
3,6.91042614,20,1010.20257,0
3,6.95441699,20,1010.173356,0
3,6.998518229,20,1010.16998,0
3,7.042476892,20,1010.1682,0
3,7.086639404,20,1010.181948,0
3,7.130747557,20,1010.195727,0
3,7.174769402,20,1010.173417,0
3,7.218906164,20,1010.166482,0
3,7.262962103,20,1010.178511,0
3,7.307119131,20,1010.183667,0
3,7.351094246,20,1010.169919,0
3,7.395154238,20,1010.18023,0
3,7.439141273,20,1010.192321,0
3,7.483215332,20,1010.1682,0
3,7.527374983,20,1010.157889,0
3,7.57130456,20,1010.183667,0
3,7.615377426,20,1010.178542,0
3,7.65940547,20,1010.161326,0
3,7.703595638,20,1010.212912,0
3,7.747689247,20,1010.171575,0
3,7.791696787,20,1010.185354,0
3,7.835816383,20,1010.224942,0
3,7.879963636,20,1010.200852,0
3,7.923933029,20,1010.214662,0
3,7.968022346,20,1010.212881,0
3,8.012069941,20,1010.219755,0
3,8.056096077,20,1010.219817,0
3,8.100168467,20,1010.193978,0
3,8.144160271,20,1010.218068,0
3,8.188345194,20,1010.194039,0
3,8.23231411,20,1010.188822,0
3,8.276373863,20,1010.221567,0
3,8.32054019,20,1010.180291,0
3,8.364584684,20,1010.195696,0
3,8.408744335,20,1010.221567,0
3,8.452761173,20,1010.180199,0
3,8.496939659,20,1010.202601,0
3,8.541102409,20,1010.206038,0
3,8.585086346,20,1010.187135,0
3,8.629130125,20,1010.197446,0
3,8.673290253,20,1010.206038,0
3,8.717342138,20,1010.187104,0
3,8.761276484,20,1010.20257,0
3,8.805360794,20,1010.193978,0
3,8.849466562,20,1010.195758,0
3,8.893463612,20,1010.171699,0
3,8.937590361,20,1010.173356,0
3,8.981678724,20,1010.178511,0
3,9.025854349,20,1010.181948,0
3,9.069865704,20,1010.200852,0
3,9.114040375,20,1010.202632,0
3,9.158074379,20,1010.216349,0
3,9.202121973,20,1010.209475,0
3,9.245983601,20,1010.194009,0
3,9.290075064,20,1010.187104,0
3,9.334177256,20,1010.204289,0
3,9.378463507,20,1010.181948,0
3,9.422495365,20,1010.185385,0
3,9.466618299,20,1010.211131,0
3,9.510888577,20,1010.197415,0
3,9.554948092,20,1010.20432,0
3,9.598901987,20,1010.207726,0
3,9.642976999,20,1010.202539,0
3,9.687127829,20,1010.195634,0
3,9.731185198,20,1010.221474,0
3,9.775228262,20,1010.209506,0
3,9.819314003,20,1010.221505,0
3,9.863449335,20,1010.204351,0
3,9.907433987,20,1010.212881,0
3,9.951731205,20,1010.20432,0
3,9.995846748,20,1010.212881,0
3,10.03987837,20,1010.206007,0
4,0.041671753,30,1010.117804,0
4,0.083539724,30,1010.128515,0
4,0.125285864,30,1010.146088,0
4,0.16688633,30,1010.120893,0
4,0.208619118,30,1010.124671,0
4,0.250405788,30,1010.111154,0
4,0.292183399,30,1010.154354,0
4,0.33393836,30,1010.14591,0
4,0.375714302,30,1010.140828,0
4,0.41732192,30,1010.15815,0
4,0.459316015,30,1010.17547,0
4,0.501198292,30,1010.124001,0
4,0.542876482,30,1010.148122,0
4,0.584648848,30,1010.129258,0
4,0.626411676,30,1010.120736,0
4,0.66812396,30,1010.172381,0
4,0.709947586,30,1010.088161,0
4,0.751662016,30,1010.107127,0
4,0.793415785,30,1010.112281,0
4,0.835119247,30,1010.115817,0
4,0.876899004,30,1010.107227,0
4,0.918564558,30,1010.138253,0
4,0.960523129,30,1010.0952,0
4,1.004671335,30,1010.112513,0
4,1.048641682,30,1010.109011,0
4,1.092626095,30,1010.138286,0
4,1.136578798,30,1010.097017,0
4,1.180750608,30,1010.072929,0
4,1.224591732,30,1010.110762,0
4,1.268569708,30,1010.109109,0
4,1.312520266,30,1010.131479,0
4,1.356609583,30,1010.105673,0
4,1.400965929,30,1010.109142,0
4,1.444915533,30,1010.115982,0
4,1.489098549,30,1010.109142,0
4,1.533035755,30,1010.114297,0
4,1.577245951,30,1010.114297,0
4,1.621170282,30,1010.13323,0
4,1.66518116,30,1010.116015,0
4,1.709289789,30,1010.097147,0
4,1.753299952,30,1010.097114,0
4,1.797588348,30,1010.117733,0
4,1.841662884,30,1010.11086,0
4,1.885730505,30,1010.116015,0
4,1.929807425,30,1010.126357,0
4,1.974062443,30,1010.119484,0
4,2.018180609,30,1010.109174,0
4,2.06227994,30,1010.119484,0
4,2.106235027,30,1010.133295,0
4,2.150183678,30,1010.107489,0
4,2.194443226,30,1010.11608,0
4,2.238309622,30,1010.138417,0
4,2.282707691,30,1010.128108,0
4,2.326658249,30,1010.110925,0
4,2.370975256,30,1010.114329,0
4,2.414925098,30,1010.122953,0
4,2.458928585,30,1010.109207,0
4,2.502899408,30,1010.105738,0
4,2.54667592,30,1010.093742,0
4,2.590754747,30,1010.079996,0
4,2.634694815,30,1010.114362,0
4,2.678769112,30,1010.109207,0
4,2.722716093,30,1010.119516,0
4,2.766776562,30,1010.104052,0
4,2.810986519,30,1010.121299,0
4,2.855046272,30,1010.128204,0
4,2.899074554,30,1010.121267,0
4,2.943041325,30,1010.122985,0
4,2.987311602,30,1010.112676,0
4,3.031278133,30,1010.150575,0
4,3.075341463,30,1010.102334,0
4,3.119276762,30,1010.141919,0
4,3.163217068,30,1010.104052,0
4,3.207268,30,1010.131609,0
4,3.251253366,30,1010.172913,0
4,3.295313597,30,1010.141886,0
4,3.339264154,30,1010.112643,0
4,3.383368969,30,1010.143701,0
4,3.427487135,30,1010.136731,0
4,3.4716959,30,1010.128269,0
4,3.51619935,30,1010.114426,0
4,3.560121059,30,1010.135078,0
4,3.60257864,30,1010.105835,0
4,3.644578457,30,1010.107585,0
4,3.686497211,30,1010.083561,0
4,3.72800684,30,1010.092152,0
4,3.772682667,30,1010.130019,0
4,3.818007469,30,1010.105899,0
4,3.862012386,30,1010.121363,0
4,3.904224873,30,1010.123082,0
4,3.948573112,30,1010.133424,0
4,3.990506411,30,1010.150639,0
4,4.034898043,30,1010.150639,0
4,4.076594591,30,1010.140329,0
4,4.121870756,30,1010.114554,0
4,4.165704966,30,1010.114554,0
4,4.207971573,30,1010.112804,0
4,4.252092361,30,1010.130051,0
4,4.296159506,30,1010.107649,0
4,4.340561867,30,1010.1283,0
4,4.384655952,30,1010.135174,0
4,4.428680897,30,1010.121395,0
4,4.472648621,30,1010.121331,0
4,4.516639948,30,1010.119645,0
4,4.560741901,30,1010.10243,0
4,4.604779482,30,1010.138578,0
4,4.648677111,30,1010.114394,0
4,4.692698002,30,1010.107585,0
4,4.736647606,30,1010.107617,0
4,4.780798674,30,1010.12655,0
4,4.824685812,30,1010.107649,0
4,4.868626118,30,1010.124832,0
4,4.910255671,30,1010.1283,0
4,4.951968908,30,1010.095652,0
4,4.993595839,30,1010.123177,0
4,5.035198927,30,1010.12149,0
4,5.079045534,30,1010.128364,0
4,5.121493816,30,1010.105994,0
4,5.163538694,30,1010.100775,0
4,5.2052145,30,1010.114585,0
4,5.249810457,30,1010.138674,0
4,5.294308901,30,1010.114585,0
4,5.338840961,30,1010.124927,0
4,5.38296032,30,1010.105962,0
4,5.425056219,30,1010.08531,0
4,5.467048407,30,1010.118054,0
4,5.51129818,30,1010.109399,0
4,5.553159475,30,1010.104244,0
4,5.595065355,30,1010.109462,0
4,5.639474869,30,1010.111149,0
4,5.683560133,30,1010.11974,0
4,5.727735519,30,1010.116208,0
4,5.771957159,30,1010.116272,0
4,5.815885067,30,1010.097307,0
4,5.859908819,30,1010.143765,0
4,5.90426898,30,1010.119645,0
4,5.948271751,30,1010.124832,0
4,5.992334366,30,1010.131705,0
4,6.036192179,30,1010.126582,0
4,6.08031106,30,1010.133391,0
4,6.124344587,30,1010.13861,0
4,6.168278694,30,1010.111053,0
4,6.212401628,30,1010.123145,0
4,6.256267309,30,1010.111117,0
4,6.300389051,30,1010.095652,0
4,6.34422493,30,1010.11799,0
4,6.388184071,30,1010.071532,0
4,6.432204723,30,1010.1283,0
4,6.4761765,30,1010.111085,0
4,6.520326138,30,1010.112804,0
4,6.56433773,30,1010.130019,0
4,6.608360052,30,1010.11799,0
4,6.652627707,30,1010.112772,0
4,6.696589708,30,1010.104212,0
4,6.74105978,30,1010.13861,0
4,6.783088446,30,1010.131737,0
4,6.82731843,30,1010.133455,0
4,6.869334221,30,1010.136924,0
4,6.913544893,30,1010.116272,0
4,6.958165407,30,1010.119709,0
4,7.002114296,30,1010.126582,0
4,7.044516802,30,1010.131673,0
4,7.08659482,30,1010.136892,0
4,7.128131151,30,1010.126614,0
4,7.170065165,30,1010.116304,0
4,7.21436882,30,1010.0785,0
4,7.2593472,30,1010.10768,0
4,7.303637028,30,1010.135142,0
4,7.346056223,30,1010.124832,0
4,7.390544891,30,1010.145516,0
4,7.434991121,30,1010.130051,0
4,7.477068424,30,1010.116272,0
4,7.521254778,30,1010.130019,0
4,7.565788031,30,1010.131737,0
4,7.61015749,30,1010.085247,0
4,7.652112484,30,1010.142015,0
4,7.694574356,30,1010.136892,0
4,7.738779068,30,1010.140329,0
4,7.780599833,30,1010.164449,0
4,7.825121641,30,1010.171291,0
4,7.870059967,30,1010.140329,0
4,7.914000511,30,1010.150639,0
4,7.956083775,30,1010.117863,0
4,7.99866128,30,1010.119772,0
4,8.043030262,30,1010.138674,0
4,8.084943295,30,1010.123145,0
4,8.129325867,30,1010.13861,0
4,8.17402339,30,1010.155794,0
4,8.21809268,30,1010.11974,0
4,8.260242939,30,1010.1283,0
4,8.302350521,30,1010.11799,0
4,8.344070673,30,1010.117959,0
4,8.385591269,30,1010.133519,0
4,8.427163839,30,1010.130082,0
4,8.469108343,30,1010.128364,0
4,8.510997534,30,1010.150703,0
4,8.555187941,30,1010.128364,0
4,8.599293232,30,1010.164481,0
4,8.643366814,30,1010.152421,0
4,8.687544346,30,1010.143797,0
4,8.731532097,30,1010.161013,0
4,8.775418043,30,1010.099025,0
4,8.819553852,30,1010.124864,0
4,8.863554239,30,1010.140329,0
4,8.907647371,30,1010.164449,0
4,8.951891661,30,1010.117959,0
4,8.99607563,30,1010.179883,0
4,9.040174961,30,1010.147234,0
4,9.084288359,30,1010.154107,0
4,9.128161192,30,1010.142047,0
4,9.172180414,30,1010.145484,0
4,9.216116905,30,1010.162667,0
4,9.26011467,30,1010.160981,0
4,9.304237366,30,1010.166104,0
4,9.348250151,30,1010.141983,0
4,9.392699957,30,1010.171259,0
4,9.436579466,30,1010.109367,0
4,9.480591059,30,1010.150639,0
4,9.52470994,30,1010.130019,0
4,9.568861723,30,1010.126582,0
4,9.612800121,30,1010.138642,0
4,9.65679121,30,1010.124832,0
4,9.701172352,30,1010.09562,0
4,9.74526453,30,1010.147202,0
4,9.789492607,30,1010.123082,0
4,9.833519697,30,1010.130082,0
4,9.877488375,30,1010.147138,0
4,9.921427488,30,1010.133519,0
4,9.965434551,30,1010.150639,0
4,10.00984836,30,1010.105835,0
5,0.041670084,40,1010.077639,0
5,0.083326578,40,1010.072911,0
5,0.125066996,40,1010.076716,0
5,0.166822672,40,1010.10112,0
5,0.208562613,40,1010.098001,0
5,0.250378132,40,1010.076238,0
5,0.292117357,40,1010.047155,0
5,0.333765268,40,1010.083449,0
5,0.375567913,40,1010.074972,0
5,0.417305708,40,1010.075083,0
5,0.45902133,40,1010.104503,0
5,0.500746965,40,1010.068394,0
5,0.542458296,40,1010.083961,0
5,0.584085464,40,1010.114989,0
5,0.62582016,40,1010.092693,0
5,0.667553663,40,1010.07555,0
5,0.709285498,40,1010.118603,0
5,0.751040459,40,1010.099671,0
5,0.792881966,40,1010.099776,0
5,0.834573984,40,1010.079126,0
5,0.876285553,40,1010.074042,0
5,0.918026209,40,1010.027624,0
5,0.959768772,40,1010.032846,0
5,1.001479149,40,1010.046589,0
5,1.045114517,40,1010.079299,0
5,1.088943243,40,1010.096513,0
5,1.132971287,40,1010.093077,0
5,1.177157879,40,1010.041504,0
5,1.221280098,40,1010.062154,0
5,1.265297413,40,1010.050094,0
5,1.309293509,40,1010.055248,0
5,1.353471279,40,1010.082769,0
5,1.397468567,40,1010.07765,0
5,1.441525936,40,1010.070812,0
5,1.485673666,40,1010.070812,0
5,1.529739618,40,1010.07253,0
5,1.573848248,40,1010.0347,0
5,1.617824078,40,1010.075966,0
5,1.661865711,40,1010.043324,0
5,1.705828428,40,1010.048444,0
5,1.749833107,40,1010.058718,0
5,1.793975115,40,1010.043324,0
5,1.838001251,40,1010.038136,0
5,1.882134914,40,1010.038169,0
5,1.926204205,40,1010.076,0
5,1.970178843,40,1010.077785,0
5,2.014144421,40,1010.072597,0
5,2.058152676,40,1010.064007,0
5,2.102053404,40,1010.057068,0
5,2.146194458,40,1010.033015,0
5,2.190295458,40,1010.070879,0
5,2.234357595,40,1010.076033,0
5,2.278454542,40,1010.062289,0
5,2.32242775,40,1010.067443,0
5,2.366529226,40,1010.041673,0
5,2.410492659,40,1010.088127,0
5,2.45453167,40,1010.082973,0
5,2.498519897,40,1010.064007,0
5,2.54254961,40,1010.024526,0
5,2.586678267,40,1010.074349,0
5,2.630707979,40,1010.050263,0
5,2.674707413,40,1010.093281,0
5,2.718809366,40,1010.067544,0
5,2.762834311,40,1010.062356,0
5,2.806944132,40,1010.05892,0
5,2.851091862,40,1010.039955,0
5,2.895059824,40,1010.040055,0
5,2.939106226,40,1010.003876,0
5,2.983076572,40,1010.055551,0
5,3.027063131,40,1010.060638,0
5,3.07096839,40,1010.062423,0
5,3.114990711,40,1010.057169,0
5,3.159030676,40,1010.058953,0
5,3.202952862,40,1010.070947,0
5,3.247166634,40,1010.060638,0
5,3.291277409,40,1010.065826,0
5,3.335371733,40,1010.043424,0
5,3.379457951,40,1010.046827,0
5,3.423410177,40,1010.060638,0
5,3.467677832,40,1010.060638,0
5,3.51163578,40,1010.041739,0
5,3.55572176,40,1010.036585,0
5,3.599705219,40,1010.055551,0
5,3.643857479,40,1010.046894,0
5,3.687836647,40,1010.07098,0
5,3.731724024,40,1010.060705,0
5,3.775882006,40,1010.062423,0
5,3.819854975,40,1010.05892,0
5,3.863915205,40,1010.096717,0
5,3.908035278,40,1010.077886,0
5,3.952109337,40,1010.096785,0
5,3.996215343,40,1010.06751,0
5,4.040233135,40,1010.05033,0
5,4.084072828,40,1010.089946,0
5,4.128298998,40,1010.077819,0
5,4.172436237,40,1010.084758,0
5,4.216431379,40,1010.08304,0
5,4.260427237,40,1010.041739,0
5,4.30460906,40,1010.06239,0
5,4.348639965,40,1010.058987,0
5,4.392561436,40,1010.072731,0
5,4.437384129,40,1010.07445,0
5,4.480249643,40,1010.058987,0
5,4.524739504,40,1010.064174,0
5,4.568370819,40,1010.067544,0
5,4.610834122,40,1010.058987,0
5,4.651050329,40,1010.079637,0
5,4.693065643,40,1010.091697,0
5,4.734883785,40,1010.060771,0
5,4.774825811,40,1010.065892,0
5,4.814750671,40,1010.041905,0
5,4.854983091,40,1010.041872,0
5,4.894842863,40,1010.050528,0
5,4.934753418,40,1010.053964,0
5,4.974850178,40,1010.079769,0
5,5.017032146,40,1010.038436,0
5,5.056996822,40,1010.069428,0
5,5.096867085,40,1010.017883,0
5,5.138914824,40,1010.060902,0
5,5.181123734,40,1010.050561,0
5,5.22322917,40,1010.055748,0
5,5.266219616,40,1010.047092,0
5,5.310113668,40,1010.072864,0
5,5.354249001,40,1010.047059,0
5,5.39812994,40,1010.055682,0
5,5.441942692,40,1010.033281,0
5,5.486654282,40,1010.048777,0
5,5.528594255,40,1010.055617,0
5,5.571041346,40,1010.055584,0
5,5.612800837,40,1010.047026,0
5,5.654466391,40,1010.040154,0
5,5.698362827,40,1010.050495,0
5,5.742463589,40,1010.059086,0
5,5.786557674,40,1010.026409,0
5,5.830618382,40,1010.048744,0
5,5.874648094,40,1010.03837,0
5,5.918719053,40,1010.064207,0
5,5.962754011,40,1010.043557,0
5,6.006721973,40,1010.050462,0
5,6.050553083,40,1010.041872,0
5,6.094568491,40,1010.048678,0
5,6.138560772,40,1010.05218,0
5,6.182613611,40,1010.043491,0
5,6.226593256,40,1010.07108,0
5,6.270818233,40,1010.050396,0
5,6.31279707,40,1010.041806,0
5,6.3547225,40,1010.057335,0
5,6.398985863,40,1010.062456,0
5,6.442955971,40,1010.065892,0
5,6.486001015,40,1010.045209,0
5,6.530535698,40,1010.050396,0
5,6.572873592,40,1010.029779,0
5,6.617470026,40,1010.017785,0
5,6.663248301,40,1010.045242,0
5,6.711843014,40,1010.04696,0
5,6.755393744,40,1010.041806,0
5,6.797857761,40,1010.005627,0
5,6.839601278,40,1010.033215,0
5,6.881419897,40,1010.022907,0
5,6.923104286,40,1010.033248,0
5,6.964821577,40,1010.038436,0
5,7.006558418,40,1010.026343,0
5,7.048255205,40,1010.019536,0
5,7.090009451,40,1010.053931,0
5,7.131750107,40,1010.034966,0
5,7.173565388,40,1010.017785,0
5,7.215262413,40,1010.024691,0
5,7.256973505,40,1010.050495,0
5,7.299006462,40,1010.059119,0
5,7.340750217,40,1010.045341,0
5,7.382455111,40,1010.050495,0
5,7.424340963,40,1010.029845,0
5,7.467861891,40,1010.031596,0
5,7.511698008,40,1010.043623,0
5,7.555833817,40,1010.038436,0
5,7.600957155,40,1010.026343,0
5,7.645167828,40,1010.038403,0
5,7.689212799,40,1010.040121,0
5,7.733076096,40,1010.052147,0
5,7.77735734,40,1010.07967,0
5,7.821342945,40,1010.057269,0
5,7.865751982,40,1010.076234,0
5,7.909553289,40,1010.053832,0
5,7.953610182,40,1010.053899,0
5,7.997783184,40,1010.081388,0
5,8.041624069,40,1010.029746,0
5,8.085679531,40,1010.045242,0
5,8.129558563,40,1010.058987,0
5,8.173773766,40,1010.057269,0
5,8.215769053,40,1010.053799,0
5,8.259843349,40,1010.045209,0
5,8.30384326,40,1010.055584,0
5,8.347887039,40,1010.026277,0
5,8.39188695,40,1010.074483,0
5,8.435947418,40,1010.083107,0
5,8.480230331,40,1010.077952,0
5,8.522037029,40,1010.091697,0
5,8.566093922,40,1010.081388,0
5,8.610035181,40,1010.093382,0
5,8.654021025,40,1010.062456,0
5,8.698326826,40,1010.076168,0
5,8.742286444,40,1010.076234,0
5,8.786360979,40,1010.052114,0
5,8.830389977,40,1010.052048,0
5,8.874511719,40,1010.057269,0
5,8.918476105,40,1010.04696,0
5,8.962729931,40,1010.052213,0
5,9.006849527,40,1010.067643,0
5,9.050907612,40,1010.065859,0
5,9.095031738,40,1010.050363,0
5,9.137471437,40,1010.064174,0
5,9.181588888,40,1010.036618,0
5,9.225434542,40,1010.045242,0
5,9.269430399,40,1010.053899,0
5,9.313405037,40,1010.079604,0
5,9.357614517,40,1010.052147,0
5,9.402483702,40,1010.069328,0
5,9.446689606,40,1010.033182,0
5,9.49068284,40,1010.04696,0
5,9.534564495,40,1010.067643,0
5,9.578505516,40,1010.057302,0
5,9.622503042,40,1010.045176,0
5,9.666494608,40,1010.050396,0
5,9.71053195,40,1010.067577,0
5,9.754576683,40,1010.04696,0
5,9.798560858,40,1010.058987,0
5,9.842457533,40,1010.089946,0
5,9.886542082,40,1010.062423,0
5,9.93046093,40,1010.089946,0
5,9.974730253,40,1010.046927,0
5,10.01703715,40,1010.062423,0
6,0.041698694,50,1010.023943,0
6,0.083498716,50,1010.077724,0
6,0.125312567,50,1010.067801,0
6,0.167188883,50,1010.069847,0
6,0.208959579,50,1010.023724,0
6,0.250752449,50,1010.039377,0
6,0.292403936,50,1010.036137,0
6,0.334160089,50,1010.014002,0
6,0.375945568,50,1010.05059,0
6,0.417809486,50,1010.04204,0
6,0.4596138,50,1010.030167,0
6,0.501267672,50,1010.049171,0
6,0.543194056,50,1010.045773,0
6,0.585101604,50,1010.033822,0
6,0.626958132,50,1010.063132,0
6,0.668722391,50,1010.021943,0
6,0.710499287,50,1010.053006,0
6,0.752253056,50,1010.015144,0
6,0.793983936,50,1010.044488,0
6,0.835831165,50,1010.025522,0
6,0.879170656,50,1010.046241,0
6,0.923382521,50,1010.015286,0
6,0.967585802,50,1010.030816,0
6,1.011749029,50,1010.02391,0
6,1.055738688,50,1010.023945,0
6,1.100057125,50,1010.054866,0
6,1.144210339,50,1010.060054,0
6,1.188485861,50,1010.015356,0
6,1.232560635,50,1010.054936,0
6,1.276864529,50,1010.032569,0
6,1.321120024,50,1010.02398,0
6,1.365257025,50,1010.020544,0
6,1.409289598,50,1010.01199,0
6,1.453460455,50,1010.032604,0
6,1.497601032,50,1010.008624,0
6,1.541918755,50,1010.025768,0
6,1.586149216,50,1010.032743,0
6,1.630379915,50,1010.012025,0
6,1.674546242,50,1010.020649,0
6,1.718662024,50,1010.017144,0
6,1.762810469,50,1010.008589,0
6,1.806988716,50,1010.051605,0
6,1.851145744,50,1010.024153,0
6,1.895477057,50,1010.067101,0
6,1.939590931,50,1010.060229,0
6,1.983797312,50,1010.046486,0
6,2.028128862,50,1010.039615,0
6,2.072135687,50,1010.034495,0
6,2.116270304,50,1010.080844,0
6,2.160480022,50,1010.032708,0
6,2.204604387,50,1010.056828,0
6,2.249013662,50,1010.032743,0
6,2.293347359,50,1010.060264,0
6,2.337577343,50,1010.037931,0
6,2.381711245,50,1010.067205,0
6,2.425869942,50,1010.053358,0
6,2.470045805,50,1010.044803,0
6,2.514227152,50,1010.029342,0
6,2.558371305,50,1010.053427,0
6,2.602552652,50,1010.012197,0
6,2.64681983,50,1010.022504,0
6,2.691170692,50,1010.075794,0
6,2.735330105,50,1010.055179,0
6,2.779352188,50,1010.017385,0
6,2.82349968,50,1010.043154,0
6,2.867532969,50,1010.068957,0
6,2.911661863,50,1010.015632,0
6,2.955930948,50,1010.022572,0
6,3.000154972,50,1010.041504,0
6,3.044377327,50,1010.029444,0
6,3.0884552,50,1010.039683,0
6,3.13264823,50,1010.019136,0
6,3.176990271,50,1010.055248,0
6,3.221256971,50,1010.039786,0
6,3.26537776,50,1010.044974,0
6,3.309764147,50,1010.048376,0
6,3.353999853,50,1010.077615,0
6,3.398134947,50,1010.053564,0
6,3.442268133,50,1010.072427,0
6,3.48642087,50,1010.06559,0
6,3.530609131,50,1010.041504,0
6,3.574664593,50,1010.050128,0
6,3.61884141,50,1010.086205,0
6,3.663283825,50,1010.043222,0
6,3.707512617,50,1010.020888,0
6,3.751648664,50,1010.027726,0
6,3.795581579,50,1010.020922,0
6,3.840012312,50,1010.010581,0
6,3.884102106,50,1010.000306,0
6,3.928411245,50,1010.022606,0
6,3.972831011,50,1010.02264,0
6,4.017177343,50,1009.998521,0
6,4.061337948,50,1010.001991,0
6,4.105577469,50,1010.017452,0
6,4.149536133,50,1010.043222,0
6,4.193858147,50,1010.0347,0
6,4.238029003,50,1010.00546,0
6,4.282093763,50,1010.019204,0
6,4.32643199,50,1010.038136,0
6,4.370526075,50,1010.057034,0
6,4.414672136,50,1010.01752,0
6,4.458997965,50,1010.002024,0
6,4.503008842,50,1010.026076,0
6,4.547099352,50,1010.015768,0
6,4.591166019,50,1010.02264,0
6,4.635334969,50,1010.027794,0
6,4.679671049,50,1010.038102,0
6,4.723960161,50,1010.051914,0
6,4.76804924,50,1010.008896,0
6,4.812125921,50,1009.998555,0
6,4.856152058,50,1010.007178,0
6,4.900345564,50,1010.01405,0
6,4.944508791,50,1010.034733,0
6,4.988656759,50,1010.019271,0
6,5.032897949,50,1010.01752,0
6,5.077041626,50,1010.036451,0
6,5.12122798,50,1010.058786,0
6,5.165416479,50,1010.01405,0
6,5.209592342,50,1010.008896,0
6,5.25408864,50,1010.017486,0
6,5.298337221,50,1010.000273,0
6,5.34253931,50,1010.017486,0
6,5.386771202,50,1010.04676,0
6,5.43107152,50,1010.032948,0
6,5.475147724,50,1010.024324,0
6,5.519159317,50,1010.06047,0
6,5.56327796,50,1010.019238,0
6,5.607376575,50,1010.045008,0
6,5.651655912,50,1010.041572,0
6,5.695847988,50,1010.024358,0
6,5.740339518,50,1010.065658,0
6,5.784565926,50,1010.036384,0
6,5.828727961,50,1010.031264,0
6,5.872782946,50,1010.012332,0
6,5.917008877,50,1010.039887,0
6,5.961170435,50,1010.02611,0
6,6.005365133,50,1010.036418,0
6,6.049789667,50,1010.060504,0
6,6.093929529,50,1010.026042,0
6,6.138055325,50,1010.067376,0
6,6.182132483,50,1010.051846,0
6,6.226383448,50,1010.072496,0
6,6.270530462,50,1010.036384,0
6,6.314603567,50,1010.0347,0
6,6.358783722,50,1010.039887,0
6,6.402867317,50,1010.069094,0
6,6.447266579,50,1010.043357,0
6,6.491393805,50,1010.053632,0
6,6.535465002,50,1010.041606,0
6,6.579582453,50,1010.039854,0
6,6.624007463,50,1010.02264,0
6,6.668205261,50,1010.05535,0
6,6.712364435,50,1010.033015,0
6,6.756788731,50,1010.003742,0
6,6.801097631,50,1010.05535,0
6,6.845323563,50,1010.024358,0
6,6.889253855,50,1010.058819,0
6,6.933494091,50,1010.046726,0
6,6.977589607,50,1010.020989,0
6,7.021912098,50,1010.039887,0
6,7.066101074,50,1010.050196,0
6,7.110187769,50,1010.062188,0
6,7.154572248,50,1010.027794,0
6,7.198707104,50,1010.048478,0
6,7.242888927,50,1010.060537,0
6,7.286983728,50,1010.045042,0
6,7.331186056,50,1010.027861,0
6,7.37535882,50,1010.051914,0
6,7.419496775,50,1010.039887,0
6,7.463724136,50,1010.032982,0
6,7.507865191,50,1010.015835,0
6,7.552210093,50,1010.041606,0
6,7.596259832,50,1010.048511,0
6,7.640504122,50,1010.036384,0
6,7.684571028,50,1010.058752,0
6,7.728640556,50,1010.053632,0
6,7.772891521,50,1010.058853,0
6,7.817229271,50,1010.04676,0
6,7.861636162,50,1010.072564,0
6,7.905597925,50,1010.041606,0
6,7.949782848,50,1010.012332,0
6,7.993923426,50,1010.022741,0
6,8.038222075,50,1010.002091,0
6,8.082396507,50,1010.029579,0
6,8.126760483,50,1010.050229,0
6,8.171099901,50,1010.064007,0
6,8.215218544,50,1010.04676,0
6,8.259375811,50,1010.029579,0
6,8.303543806,50,1010.074315,0
6,8.347766399,50,1010.057101,0
6,8.391854763,50,1010.041639,0
6,8.435924053,50,1010.036519,0
6,8.480071783,50,1010.043324,0
6,8.524296045,50,1010.062289,0
6,8.568563938,50,1010.019271,0
6,8.612475872,50,1010.026143,0
6,8.656724215,50,1010.041606,0
6,8.700942278,50,1010.046793,0
6,8.74513483,50,1010.034801,0
6,8.789406061,50,1010.012399,0
6,8.833819628,50,1010.057068,0
6,8.877996683,50,1010.017553,0
6,8.922355413,50,1010.048511,0
6,8.966471672,50,1010.039887,0
6,9.010552168,50,1010.036451,0
6,9.054978371,50,1010.045109,0
6,9.099150181,50,1010.053665,0
6,9.143239498,50,1010.026143,0
6,9.187357664,50,1010.057068,0
6,9.231735706,50,1010.034733,0
6,9.275910378,50,1010.076033,0
6,9.319993258,50,1010.022741,0
6,9.364219904,50,1010.048545,0
6,9.408381939,50,1010.022741,0
6,9.452552795,50,1010.041639,0
6,9.496821404,50,1010.048545,0
6,9.541137695,50,1010.021023,0
6,9.58528614,50,1010.027895,0
6,9.629364491,50,1010.045109,0
6,9.673547745,50,1010.024492,0
6,9.717638969,50,1010.003809,0
6,9.761996508,50,1010.024425,0
6,9.806171656,50,1010.00903,0
6,9.850450277,50,1010.021056,0
6,9.894583702,50,1010.048545,0
6,9.938683748,50,1010.053699,0
6,9.982825994,50,1010.015835,0
6,10.02696633,50,1010.051947,0
7,0.041538715,60,1010.008449,0
7,0.083329916,60,1010.008921,0
7,0.1250453,60,1009.997196,0
7,0.166726112,60,1010.006151,0
7,0.208518744,60,1009.982471,0
7,0.2502141,60,1009.974119,0
7,0.291901827,60,1009.996676,0
7,0.333606005,60,1009.965839,0
7,0.375380278,60,1010.007615,0
7,0.417094231,60,1010.007727,0
7,0.458831787,60,1009.99925,0
7,0.50056076,60,1010.006158,0
7,0.542269468,60,1010.013065,0
7,0.584010839,60,1010.006304,0
7,0.625715256,60,1010.035576,0
7,0.667411327,60,1010.008202,0
7,0.709137917,60,1009.989271,0
7,0.750825167,60,1009.985943,0
7,0.792504787,60,1009.997967,0
7,0.834277391,60,1010.018651,0
7,0.876066208,60,1009.994567,0
7,0.917936325,60,1009.989623,0
7,0.961866379,60,1010.006697,0
7,1.005853653,60,1010.023945,0
7,1.049798727,60,1010.01192,0
7,1.093754768,60,1010.005049,0
7,1.137859583,60,1010.003331,0
7,1.181897163,60,1010.001613,0
7,1.225996971,60,1010.010237,0
7,1.269869804,60,1009.998213,0
7,1.314007998,60,1010.01199,0
7,1.35822773,60,1010.020614,0
7,1.402226686,60,1009.991376,0
7,1.446398258,60,1009.951866,0
7,1.490422249,60,1009.984505,0
7,1.534500837,60,1009.962207,0
7,1.578469753,60,1009.996564,0
7,1.622483253,60,1009.965643,0
7,1.666492224,60,1010.018861,0
7,1.710633755,60,1010.001718,0
7,1.754465103,60,1010.022367,0
7,1.798561573,60,1010.000034,0
7,1.842630148,60,1010.010376,0
7,1.886796236,60,1010.017247,0
7,1.930802822,60,1009.991445,0
7,1.974848747,60,1009.974232,0
7,2.018997908,60,1009.991445,0
7,2.062828779,60,1009.98289,0
7,2.106941223,60,1009.982856,0
7,2.150939941,60,1010.005222,0
7,2.194984198,60,1010.015564,0
7,2.239015102,60,1009.994846,0
7,2.28301239,60,1010.003539,0
7,2.327134132,60,1010.000137,0
7,2.371146202,60,1009.988078,0
7,2.415030956,60,1009.962309,0
7,2.459023237,60,1010.003573,0
7,2.503052473,60,1010.024188,0
7,2.547282696,60,1010.012197,0
7,2.591407776,60,1009.993197,0
7,2.635596514,60,1009.998453,0
7,2.679574251,60,1009.984676,0
7,2.723530769,60,1009.984642,0
7,2.767497778,60,1009.993231,0
7,2.81150341,60,1009.996735,0
7,2.855537891,60,1009.998453,0
7,2.89954257,60,1009.998487,0
7,2.943525076,60,1009.98983,0
7,2.987523317,60,1009.982992,0
7,3.031573057,60,1009.970899,0
7,3.075420856,60,1009.977838,0
7,3.119461536,60,1010.01735,0
7,3.163496256,60,1009.974436,0
7,3.207550526,60,1009.976086,0
7,3.251574039,60,1010.022504,0
7,3.295551538,60,1010.03288,0
7,3.339566708,60,1009.981308,0
7,3.383459806,60,1010.005393,0
7,3.427459717,60,1009.974402,0
7,3.471405268,60,1009.998521,0
7,3.515432596,60,1010.029376,0
7,3.559475899,60,1009.996735,0
7,3.603542328,60,1010.007043,0
7,3.647554398,60,1010.027794,0
7,3.691598415,60,1009.984744,0
7,3.735588551,60,1009.971034,0
7,3.779609203,60,1009.996769,0
7,3.823625803,60,1010.015632,0
7,3.867590666,60,1010.010513,0
7,3.911535501,60,1009.97959,0
7,3.955562353,60,1010.000239,0
7,3.999555349,60,1010.04494,0
7,4.043548346,60,1010.013915,0
7,4.087505579,60,1009.977872,0
7,4.131579638,60,1010.001957,0
7,4.175552368,60,1009.984744,0
7,4.219520807,60,1009.995119,0
7,4.263550997,60,1009.984777,0
7,4.30755949,60,1009.998521,0
7,4.351581812,60,1010.012231,0
7,4.395546913,60,1009.976188,0
7,4.439580441,60,1009.972752,0
7,4.483584881,60,1009.996803,0
7,4.527760029,60,1009.995085,0
7,4.571740627,60,1009.991649,0
7,4.615789175,60,1010.012298,0
7,4.659889221,60,1010.034666,0
7,4.703989744,60,1010.008829,0
7,4.748028994,60,1009.993333,0
7,4.792046309,60,1009.981308,0
7,4.836093903,60,1010.029478,0
7,4.880234957,60,1010.003675,0
7,4.924289703,60,1010.008727,0
7,4.968507767,60,1010.000239,0
7,5.012564182,60,1010.007111,0
7,5.056465626,60,1010.024324,0
7,5.10052228,60,1009.996803,0
7,5.144609451,60,1010.02776,0
7,5.188696146,60,1009.995085,0
7,5.232825518,60,1010.026042,0
7,5.276884317,60,1010.015701,0
7,5.3209095,60,1010.01917,0
7,5.365043402,60,1010.019204,0
7,5.408889771,60,1009.98306,0
7,5.452879667,60,1009.989898,0
7,5.496961594,60,1010.008829,0
7,5.541028261,60,1010.032948,0
7,5.585079193,60,1010.003675,0
7,5.629048824,60,1010.012265,0
7,5.673066378,60,1010.000306,0
7,5.716945887,60,1009.998588,0
7,5.760954857,60,1010.024324,0
7,5.804994106,60,1009.989931,0
7,5.849038839,60,1010.010547,0
7,5.893036366,60,1010.000239,0
7,5.937305927,60,1010.001991,0
7,5.981405973,60,1010.008896,0
7,6.025613546,60,1010.00546,0
7,6.069511414,60,1010.029512,0
7,6.113534927,60,1010.017486,0
7,6.157571793,60,1009.979624,0
7,6.201581001,60,1009.996803,0
7,6.245690584,60,1010.020888,0
7,6.289691687,60,1010.034666,0
7,6.333628893,60,1010.002024,0
7,6.377880335,60,1010.017452,0
7,6.42181921,60,1009.965813,0
7,6.466010809,60,1009.984777,0
7,6.510036707,60,1010.008863,0
7,6.554336071,60,1010.017419,0
7,6.598548889,60,1010.001957,0
7,6.642631292,60,1009.996837,0
7,6.686635733,60,1010.020922,0
7,6.730476618,60,1010.012332,0
7,6.774576426,60,1010.001991,0
7,6.818819046,60,1010.036384,0
7,6.862881184,60,1010.032914,0
7,6.906970263,60,1010.01917,0
7,6.951043367,60,1010.010547,0
7,6.995073557,60,1010.020888,0
7,7.039044142,60,1010.029512,0
7,7.083039999,60,1009.983093,0
7,7.127014875,60,1009.971,0
7,7.171018124,60,1010.010614,0
7,7.214995623,60,1010.012332,0
7,7.259016275,60,1010.00546,0
7,7.302999258,60,1010.029512,0
7,7.346978903,60,1009.981375,0
7,7.390835762,60,1009.972819,0
7,7.43481946,60,1009.993468,0
7,7.478938103,60,1009.983127,0
7,7.522998571,60,1009.993401,0
7,7.567066431,60,1010.010681,0
7,7.611159563,60,1010.007212,0
7,7.655199289,60,1009.993434,0
7,7.699156046,60,1010.015768,0
7,7.742989302,60,1010.000306,0
7,7.787013054,60,1010.01752,0
7,7.830993414,60,1010.012332,0
7,7.875011444,60,1010.010648,0
7,7.918981552,60,1010.010614,0
7,7.963052273,60,1010.01752,0
7,8.00708127,60,1010.010681,0
7,8.050989866,60,1010.015835,0
7,8.094977856,60,1010.010547,0
7,8.138964653,60,1010.017486,0
7,8.182990074,60,1009.983127,0
7,8.227050066,60,1010.02611,0
7,8.271184921,60,1010.000239,0
7,8.315225363,60,1009.995186,0
7,8.359233141,60,1010.012399,0
7,8.40306735,60,1009.989931,0
7,8.446979761,60,1009.981409,0
7,8.491013288,60,1010.014117,0
7,8.535000801,60,1009.986563,0
7,8.579097271,60,1010.012298,0
7,8.623093128,60,1010.002024,0
7,8.667059898,60,1010.00034,0
7,8.710974216,60,1010.020956,0
7,8.754970074,60,1009.995152,0
7,8.798939943,60,1009.991683,0
7,8.842971325,60,1010.002058,0
7,8.887079954,60,1010.015835,0
7,8.931047678,60,1009.962478,0
7,8.975099802,60,1009.976221,0
7,9.019100428,60,1010.01405,0
7,9.062990904,60,1010.039854,0
7,9.10699296,60,1009.998622,0
7,9.150956631,60,1010.024392,0
7,9.195028305,60,1009.959042,0
7,9.238999367,60,1009.981375,0
7,9.283068657,60,1010.008896,0
7,9.327029467,60,1009.979657,0
7,9.371254206,60,1010.017553,0
7,9.415292978,60,1009.998588,0
7,9.459444284,60,1009.996904,0
7,9.503434181,60,1009.988281,0
7,9.54753089,60,1010.027861,0
7,9.591713905,60,1009.986529,0
7,9.635723591,60,1009.998655,0
7,9.680191755,60,1010.029546,0
7,9.723990202,60,1010.012332,0
7,9.768193007,60,1010.019204,0
7,9.812364578,60,1010.019204,0
7,9.856318712,60,1009.995152,0
7,9.900423288,60,1009.983127,0
7,9.944329977,60,1010.000306,0
7,9.98855257,60,1009.998588,0
7,10.03248143,60,1010.019238,0
8,0.041637897,70,1009.994672,0
8,0.083402634,70,1009.986432,0
8,0.125033379,70,1010.00754,0
8,0.166767359,70,1010.011261,0
8,0.208519697,70,1010.013301,0
8,0.250258684,70,1009.970568,0
8,0.291996717,70,1009.938094,0
8,0.333755493,70,1009.984692,0
8,0.375466585,70,1009.997235,0
8,0.417226076,70,1009.980173,0
8,0.458969593,70,1010.009482,0
8,0.500710964,70,1009.973487,0
8,0.542434931,70,1009.99249,0
8,0.584171534,70,1009.947796,0
8,0.625859737,70,1009.966762,0
8,0.667598009,70,1010.004586,0
8,0.709350348,70,1009.994388,0
8,0.751055956,70,1009.979001,0
8,0.792788029,70,1009.9824,0
8,0.834522009,70,1009.967047,0
8,0.876253128,70,1010.022086,0
8,0.917989254,70,1009.984295,0
8,0.959800243,70,1009.994637,0
8,1.001528263,70,1009.960282,0
8,1.043395758,70,1009.989519,0
8,1.08741641,70,1009.951762,0
8,1.131393194,70,1009.975777,0
8,1.175372362,70,1009.975846,0
8,1.219339609,70,1009.982717,0
8,1.263373137,70,1009.981,0
8,1.307328701,70,1009.96547,0
8,1.35135746,70,1009.974128,0
8,1.395553827,70,1009.970693,0
8,1.439445496,70,1009.996495,0
8,1.483448982,70,1009.963821,0
8,1.527441502,70,1009.991307,0
8,1.571462631,70,1009.95348,0
8,1.61540699,70,1009.987906,0
8,1.659461021,70,1009.989693,0
8,1.703577042,70,1009.951831,0
8,1.747803688,70,1009.975881,0
8,1.791828156,70,1010.01546,0
8,1.835960388,70,1009.989658,0
8,1.880046368,70,1009.969044,0
8,1.924050093,70,1010.006906,0
8,1.968140602,70,1009.984505,0
8,2.012149096,70,1009.99141,0
8,2.056183338,70,1010.00347,0
8,2.100025892,70,1009.994846,0
8,2.144074917,70,1010.013846,0
8,2.188077927,70,1009.981069,0
8,2.232048035,70,1010.008624,0
8,2.276402235,70,1010.024153,0
8,2.320429564,70,1009.998316,0
8,2.364693403,70,1009.998351,0
8,2.408724308,70,1009.996633,0
8,2.452638865,70,1009.95537,0
8,2.496798992,70,1009.986394,0
8,2.540817022,70,1009.938157,0
8,2.584917307,70,1009.994949,0
8,2.628907442,70,1009.97942,0
8,2.672958374,70,1009.994949,0
8,2.717089653,70,1010.005257,0
8,2.761063576,70,1009.964027,0
8,2.805138111,70,1009.996667,0
8,2.84915185,70,1010.012128,0
8,2.893143415,70,1009.991445,0
8,2.937135935,70,1009.984642,0
8,2.981221676,70,1009.996598,0
8,3.025210857,70,1009.998385,0
8,3.069225311,70,1009.97777,0
8,3.113028288,70,1010.020752,0
8,3.157032251,70,1010.010547,0
8,3.200986385,70,1009.976052,0
8,3.245109558,70,1009.989864,0
8,3.289291382,70,1010.013915,0
8,3.333371639,70,1009.97777,0
8,3.377430439,70,1009.991513,0
8,3.421460867,70,1009.991615,0
8,3.465561152,70,1010.013949,0
8,3.509581566,70,1009.981274,0
8,3.553646326,70,1009.955438,0
8,3.59772253,70,1009.981274,0
8,3.641751528,70,1009.977804,0
8,3.686033487,70,1009.989864,0
8,3.730034113,70,1009.960625,0
8,3.773980141,70,1009.958873,0
8,3.817978144,70,1009.969181,0
8,3.862195492,70,1009.98124,0
8,3.906388044,70,1009.989864,0
8,3.95040822,70,1009.981274,0
8,3.994538784,70,1010.005325,0
8,4.038480997,70,1009.983026,0
8,4.082495928,70,1009.991582,0
8,4.126325607,70,1009.988146,0
8,4.170437574,70,1009.991548,0
8,4.214417696,70,1009.995017,0
8,4.2584548,70,1009.998487,0
8,4.302473307,70,1010.029444,0
8,4.346951246,70,1009.986428,0
8,4.391054392,70,1010.005325,0
8,4.435095787,70,1010.001889,0
8,4.479321003,70,1009.984744,0
8,4.523336887,70,1009.979624,0
8,4.567439079,70,1009.97447,0
8,4.611499071,70,1009.981342,0
8,4.655686378,70,1009.95729,0
8,4.699748039,70,1009.965846,0
8,4.743842602,70,1009.955572,0
8,4.78787899,70,1009.996837,0
8,4.831900358,70,1009.969316,0
8,4.875973701,70,1009.984744,0
8,4.919967413,70,1010.007145,0
8,4.964072943,70,1009.97612,0
8,5.008097887,70,1009.984744,0
8,5.052057743,70,1009.971034,0
8,5.096118689,70,1009.964128,0
8,5.140042067,70,1009.969282,0
8,5.184167624,70,1009.964128,0
8,5.228341579,70,1009.977872,0
8,5.272412062,70,1009.960726,0
8,5.316460371,70,1009.981308,0
8,5.360604048,70,1009.97447,0
8,5.40466404,70,1009.981342,0
8,5.448536634,70,1009.969249,0
8,5.492601156,70,1009.959008,0
8,5.536570549,70,1009.977906,0
8,5.580782413,70,1009.952069,0
8,5.624779701,70,1009.962444,0
8,5.668905497,70,1009.960726,0
8,5.71301651,70,1009.972684,0
8,5.757098913,70,1009.989931,0
8,5.801007986,70,1009.95729,0
8,5.84497571,70,1009.94348,0
8,5.889095783,70,1009.976188,0
8,5.933078527,70,1009.959008,0
8,5.977293491,70,1009.957257,0
8,6.021277428,70,1009.957324,0
8,6.065383196,70,1009.953854,0
8,6.109313965,70,1009.969282,0
8,6.153409958,70,1009.964128,0
8,6.197494984,70,1009.991649,0
8,6.241494417,70,1009.964162,0
8,6.285651207,70,1009.971067,0
8,6.329586267,70,1009.967598,0
8,6.373649359,70,1009.972718,0
8,6.417687178,70,1009.984777,0
8,6.461570978,70,1009.972752,0
8,6.505622625,70,1009.967631,0
8,6.549580336,70,1009.957223,0
8,6.593748808,70,1009.931421,0
8,6.637750387,70,1009.97447,0
8,6.681832075,70,1009.950385,0
8,6.725904942,70,1009.948701,0
8,6.769929409,70,1009.989931,0
8,6.812148809,70,1009.979624,0
8,6.856845617,70,1009.979624,0
8,6.901128292,70,1009.964128,0
8,6.945247889,70,1009.962411,0
8,6.989557743,70,1009.977906,0
8,7.033633232,70,1009.960726,0
8,7.078010798,70,1009.986529,0
8,7.121968985,70,1009.969316,0
8,7.163695335,70,1009.977939,0
8,7.207846403,70,1009.981375,0
8,7.251971483,70,1009.965846,0
8,7.293523073,70,1009.945265,0
8,7.337896347,70,1009.959008,0
8,7.382138252,70,1009.952036,0
8,7.426044464,70,1009.962444,0
8,7.470404863,70,1009.986529,0
8,7.512316465,70,1009.996803,0
8,7.556933165,70,1010.015835,0
8,7.601080894,70,1009.955539,0
8,7.645110607,70,1009.962478,0
8,7.689422846,70,1009.96588,0
8,7.733451843,70,1009.977973,0
8,7.777925014,70,1009.99687,0
8,7.822029352,70,1009.988281,0
8,7.866484642,70,1009.983127,0
8,7.910614014,70,1009.989965,0
8,7.954875231,70,1010.020922,0
8,7.99909997,70,1009.965913,0
8,8.043139458,70,1009.991717,0
8,8.087457418,70,1009.993401,0
8,8.131504536,70,1009.955505,0
8,8.175642014,70,1009.988213,0
8,8.220093012,70,1009.998555,0
8,8.264387131,70,1009.986495,0
8,8.308505297,70,1010.012265,0
8,8.35254097,70,1009.986495,0
8,8.394164562,70,1010.008829,0
8,8.438378811,70,1010.005427,0
8,8.482661486,70,1009.969316,0
8,8.526838541,70,1009.984777,0
8,8.571090698,70,1010.008896,0
8,8.615194798,70,1009.991717,0
8,8.659632444,70,1009.981375,0
8,8.703747272,70,1009.981342,0
8,8.747781754,70,1009.984777,0
8,8.791915178,70,1009.998555,0
8,8.836552382,70,1009.986529,0
8,8.87807703,70,1010.002024,0
8,8.922193527,70,1009.977973,0
8,8.966751814,70,1009.986529,0
8,9.010881662,70,1009.959042,0
8,9.055147171,70,1009.948701,0
8,9.099158287,70,1009.955572,0
8,9.143337727,70,1009.962478,0
8,9.187768221,70,1009.964196,0
8,9.232019901,70,1009.969383,0
8,9.276391029,70,1009.964162,0
8,9.320536375,70,1009.97447,0
8,9.36264658,70,1009.977906,0
8,9.406860113,70,1009.981409,0
8,9.450965881,70,1009.964162,0
8,9.495412111,70,1009.964229,0
8,9.539525509,70,1009.995119,0
8,9.583813667,70,1009.943513,0
8,9.628034353,70,1009.96588,0
8,9.672503233,70,1009.953854,0
8,9.716858864,70,1009.971034,0
8,9.761164904,70,1009.991717,0
8,9.806030273,70,1009.986596,0
8,9.850208521,70,1009.984811,0
8,9.894378424,70,1009.974503,0
8,9.938502789,70,1009.977973,0
8,9.982682228,70,1009.955606,0
8,10.02690244,70,1009.964196,0